"Sample","T(Ma)","Rb","Sr","87Rb/86Sr","87Sr/86Sr","2δ","87Sr/86Sr (i)","Sm","Nd","147Sm/144Nd","143Nd/144Nd","2δ","143Nd/144Nd(i)","εNd(t)","TDM(Ga)"
"805-25","16.7","119","874","0.4002","0.705050","6","0.704958","3.70","22.58","0.0997","0.512626","5","0.512615","-0.04","0.71"
"805-26","","124","825","0.4401","0.705065","7","0.704956","2.73","17.01","0.0977","0.512641","5","0.512630","0.28","0.67"
"803-30","","109","1156","0.2775","0.705120","4","0.705053","4.44","30.70","0.0878","0.512642","5","0.512632","0.32","0.62"
"803-31","","145","590","0.7212","0.705193","5","0.705019","2.57","16.08","0.0970","0.512628","5","0.512618","0.03","0.69"
"803-33","16.9","125","694","0.5290","0.705092","5","0.704965","2.91","17.84","0.0993","0.512639","4","0.512628","0.23","0.68"
"803-35","17.0","108","936","0.3396","0.705036","5","0.704954","3.46","21.52","0.0977","0.512640","5","0.512629","0.25","0.67"
"803-36","","125","837","0.4388","0.705124","6","0.705016","3.56","21.63","0.1000","0.512644","5","0.512633","0.33","0.68"
"2009-37","16.6","91.8","932","0.2888","0.704975","4","0.704904","3.77","23.22","0.0988","0.512640","5","0.512629","0.25","0.68"
"609-38","16.7","99.4","970","0.3005","0.705016","6","0.704944","3.47","21.11","0.0999","0.512659","12","0.512648","0.61","0.66"
