"Sample","ppm Rb","ppm Sr","87Sr/86Sr","2σ error","87Sr/86Sr(t)","ppm Sm","ppm Nd","143Nd/144Nd","2σ error","143Nd/144Nd(t)","εNd","εNd(t)","TDM(Ga)"
"FLPDAT","150","198","0.72511","0.00002","0.71424","10.61","57.93","0.512295","0.000011","0.512043","− 6.69","− 2.88","1.10"
"FLPCG","124","126","0.72680","0.00001","0.71246","12.444","55.121","0.512485","0.000008","0.512179","− 2.98","− 0.36","1.09"
"CMDAT","–","–","–","–","–","4.46","22.04","0.512255","0.000005","0.511979","− 7.47","− 4.20","1.3"
"FLE10","59","134","0.73034","0.00004","0.72402","3.75","19.29","0.512305","0.000008","0.512039","− 6.50","− 3.02","1.17"
"CTSC1","137","46","0.75580","0.00002","0.71291","5.72","20.13","0.512355","0.000006","0.511967","− 5.52","− 4.43","2.51"
"LPSUR","–","–","–","–","–","5.68","28.46","0.512303","0.000010","0.512030","− 6.53","− 3.19","1.21"
