"Sample","Rb (ppm)","Sr
(ppm)","(87Rb/86Sr)m","(87Sr/86Sr)m","(87Sr/86Sr)i","Sm (ppm)","Nd (ppm)","(147Sm/144Nd)m","(143Nd/144Nd)m","εNd"
"GS04-057","143.4","15.98","26.08","0.785499","0.688637","24.48","129.4","0.1145","0.512594","+1.9"
"GS04-059","144","13.64","30.70","0.802919","0.688928","18.43","94.53","0.1180","0.512596","+1.8"
"GS04-066","140.6","13.35","30.65","0.805694","0.691888","17.99","88.88","0.1225","0.512607","+1.9"
"GS04-155","137.7","18.51","21.72","0.778467","0.697810","20.03","104.3","0.1163","0.512597","+1.9"
"GS04-148","125.4","8.922","41.13","0.837563","0.684844","19.91","97.32","0.1238","0.512592","+1.5"
"GS03-009","79.15","24.43","9.3943","0.731032","0.696284","19.70","95.83","0.1243","0.512662","+2.9"
"GS03-010","96.32","40.99","6.7578","0.726337","0.701340","21.22","105.4","0.1217","0.512625","+2.2"
"GS03-013","89.28","38.95","6.6319","0.728226","0.703695","19.62","87.62","0.1353","0.512653","+2.3"
"GS03-014","101.1","32.48","9.0274","0.734007","0.700616","19.57","94.31","0.1255","0.512652","+2.6"
"GS03-015","98.57","34.25","8.3495","0.734137","0.703254","22.67","110.7","0.1238","0.512661","+2.9"
"GS03-108","39.69","663","0.1732","0.705054","0.704413","13.49","72.08","0.1132","0.512638","+2.7"
"GS03-110","36.67","683.8","0.1551","0.704988","0.704414","15.14","80.81","0.1132","0.512636","+2.6"
"GS03-114","41.37","661.3","0.1809","0.704988","0.704319","14.24","78.88","0.1092","0.512630","+2.7"
"GS03-117","46.14","629","0.2122","0.705222","0.704437","13.06","70.58","0.1118","0.512759","+3.1"
"GS03-119","42.86","648.1","0.1913","0.705104","0.704396","12.81","71.56","0.1083","0.512633","+2.7"
"GS04-091⁎","263.5","51.49","14.87","0.753722","0.700628","3.635","16.23","0.1354","0.512192","− 6.7"
"GS04-095⁎","228.9","54.42","12.21","0.746818","0.703222","8.027","46.05","0.1054","0.512172","− 6.2"
"GS04-097⁎","212.2","117.2","5.249","0.729895","0.711007","5.204","30.26","0.1040","0.512194","− 5.7"
