"Sample","Rock type","Rb","Sr","(87Rb/86Sr)m","(87Sr/86Sr)m","(87Sr/86Sr)0","Sm","Nd","Sm/Nd","(147Sm/144Nd)m","(143Nd/144Nd)m","ε(Nd)300","TDM","δ18Ο"
"JAL-15-26","Tonalite","135","401","0.975","0.711280 ± 08","0.707217","7.81","39.54","0.1980","0.1216","0.5121961 ± 07","-5.75","1492","9.96"
"JAL-15-10","Granodiorite","197","215","2.659","0.720831 ± 08","0.709480","11.69","61.69","0.1820","0.1048","0.5121532 ± 08","-5.94","1330","10.34"
"JAL-15-12","","187","217","2.498","0.721859 ± 06","0.711196","11.71","58.96","0.1871","0.1129","0.5121612 ± 07","-6.10","1420","10.52"
"JAL-15-8","Granite HS","376","94","11.730","0.763702 ± 07","0.713624","8.9","55.30","0.1970","0.1196","0.5121871 ± 05","-5.85","1476","11.17"
"JAL-07-16","","298","87","11.104","0.768341 ± 06","0.720936","9.79","48.76","0.2010","0.1244","0.5122037 ± 05","-5.71","1524","11.26"
"JAL-15-9","","391","78","14.499","0.778325 ± 05","0.716429","9.85","49.35","0.1741","0.1198","0.5121924 ± 06","-5.75","1470","11.49"
"JAL-15-4","Granite SMT","278","83","9.702","0.761249 ± 09","0.719832","9.35","46.50","0.1870","0.1201","0.5121956 ± 08","-5.70","1471","11.32"
"JAL-15-5","","296","64","13.383","0.773248 ± 06","0.716114","6.77","33.87","0.1836","0.1209","0.5121928 ± 07","-5.79","1486","11.35"
"JAL-07-15","","259","88","8.516","0.751701 ± 08","0.715347","5.22","24.39","0.2140","0.1287","0.5122412 ± 07","-5.14","1532","11.46"
"JAL-15-11","","342","32","30.140","0.854712 ± 07","0.726043","2.94","13.18","0.2610","0.1368","0.5122635 ± 06","-5.02","1643","12.00"
"JAL-15-18","Leucogranite VF","533","28","50.188","1.046604 ± 05","0.832349","1.14","4.10","0.2780","0.1825","0.5123576 ± 05","-4.93","3292","12.26"
"JAL-12","","561","22","70.485","1.170438 ± 06","0.869529","1.27","4.53","0.2803","0.1781","0.5123478 ± 06","-4.95","2974","12.40"
