"Sample","Rb/Sr","87Sr/86Sr measured","87Sr/86Sr 370 Ma","Sm/Nd","143Nd/144Nd measured","143Nd/144Nd 370 Ma"
"OOP1 *","0.0333","0.70398","0.70348","0.171","0.51256","0.51231"
"OOP1B","0.0139","0.70403","0.70382","0.172","0.51258","0.51232"
"OOP2","0.0135","0.70394","0.70373","0.173","0.51252","0.51226"
"OOP23","0.1523","0.70560","0.70328","0.148","0.51263","0.51241"
"OOP40A","0.052","0.70555","0.70476","0.184","0.51255","0.51228"
"PK501","0.0518","0.70551","0.70472","0.171","0.51237","0.51211"
"PK1","0.1763","0.72016","0.71747","0.178","0.51254","0.51228"
"2058","0.0203","0.70281","0.70250","0.292","0.51305","0.51263"
"1126","0.0081","0.70457","0.70445","0.225","0.51276","0.51243"
