"Mineral","Sm","Nd","147Sm/144Nd","143Nd/144Nd"
"Plagioclase","0.55","8.1","0.1099 ± .0003","0.51156 ± .00002"
"Apatite","4.2","53.7","0.1267 ± .0004","0.51163 ± .00002"
"Amphibole 1","2.88","30.0","0.1553 ± .0005","0.51174 ± .00002"
"Amphibole 2","2.73","28.6","0.1545 ± .0005","0.51174 ± .00002"
