"Sample","Sm (ppm)","Nd  (ppm)","147Sm/144Nd","Error","143Nd/144Nd","Error","(143Nd/144Nd)i","E (0)","T
,
,","(Gal","E  (0,s Ga )"
"VA-90","13.786","76.433","0.1091","0.0004","0.511922","0.000016","0.511565","-13.97","","1.631","-8.3805"
"VA-125","12.544","69.351","0.1094","0.0004","0.511897","0.000010","0.511539","-14.45","","1.672","-8.8880"
"VA-261","16.451","89.933","0.1106","0.0004","0.511839","0.000010","0.511477","-15.59","","1.779","-10.098"
"VA-257","15.694","87.247","0.1088","0.00034","0.511889","0.000037","0.511533","-14.61","","1.675","-9.0059"
"VA-249","12.433","70.400","0.1068","0.00034","0.511971","0.000034","0.511621","-13.01","","1.527","-7.2764"
"VA-04","15.707","95.212","0.0997","0.00032","0.511955","0.000039","0.511628","-13.32","","1.455","-7.1347"
