"Sample","Age (Ma)","Rb (ppm)","Sr (ppm)","87Rb/86Sr","87Sr/86Sr","2σ","87Sr/86Sri","Sm (ppm)","Nd (ppm)","147Sm/144Nd","143Nd/144Nd","2σ","εNd(t)","T2DM (Ga)"
"Duntou granodiorite","","","","","","","","","","","","","",""
"DT01","410","102","190","1.5526","0.711557","0.000016","0.70249","3.36","22.9","0.0887","0.5124","0.000015","1.1","1.08"
"DT02","410","97.5","238","1.1868","0.713814","0.000017","0.70688","2.69","16.9","0.0964","0.5124","0.000009","0.2","1.15"
"DT04","410","87.0","278","0.9055","0.712438","0.000017","0.70715","3.21","20.7","0.0938","0.5123","0.000006","−1.5","1.29"
"DT09","410","72.4","195","1.0751","0.711977","0.000017","0.70570","1.32","7.20","0.1107","0.5122","0.000013","−3.0","1.41"
"","Xiawan monzogranite","","","","","","","","","","","","",""
"XW01","410","119","132","2.6243","0.715930","0.000016","0.70061","5.54","38.1","0.0879","0.5121","0.000015","−3.7","1.47"
"XW04","410","125","172","2.0962","0.715619","0.000013","0.70338","4.49","32.3","0.0839","0.5121","0.000010","−5.0","1.58"
"XW07","410","147","228","1.8587","0.715045","0.000012","0.70419","2.95","20.3","0.0878","0.5121","0.000005","−4.2","1.51"
