"Sample  Rock type","","Rb","Sr","(87Sr/86Sr)m","(87Sr/86Sr)i","Sm","Nd","(143Nd/144Nd)m","(143Nd/144Nd)i","εNd(i)"
"HG0","Ocp","2.04","160","0.706195","0.706059","4.31","16.4","0.512521","0.511991","-2.3"
"HG6","Ocp","1.01","117","0.706056","0.705964","4.16","14.5","0.512539","0.511961","-1.9"
"HG18","Cpx","0.806","40.2","0.706288","0.706074","0.74","3.27","0.512514","0.512058","-2.4"
"HG19","Ocp","0.983","47.6","0.706343","0.706123","0.909","4.13","0.512500","0.512056","-2.7"
"HG25","Gb","39.5","1260","0.706602","0.706268","2.78","9.07","0.512583","0.511965","-1.1"
"HG28","Mt-Gb","0.419","55","0.705746","0.705665","2.36","8.41","0.512605","0.512040","-0.6"
"HG31","Mt-Gb","0.459","36.1","0.705787","0.705651","1.2","3.65","0.512615","0.511953","-0.4"
"BFQ-1","Basalt","5.64","520","0.705394","0.705278","5.92","27.9","0.512585","0.512157","-1.0"
