"Sample","Nd  (ppm)","Sm (ppm)","147Sm /  144 Nd","143 Nd/144 Nd","","~Nd290"
"Su2","48.01","8.40","0.0158","0.512345","(10)","-  2.3"
"Su2 a","25.73","5.19","0.1219","0.512298","(17)","-  3.8"
"Su3","71.48","11.78","0.0996","0.512106","(19)","-  6.7"
"Sh b","55.4","10.9","0.11 12","0.512331","(12)","-- 2.7"
"V79x","70.81","11.65","0.0994","0.512299","(06)","-- 2.9"
"$13","29.92","6.26","0.1265","0.512251","(12)","- 4 . 9"
"Mat1","25.65","5.36","0.1262","0.512416","(10)","-  1.7"
