"Sample","Sm ppm","Nd ppm","1 4 7 S m / 1 4 4 N d","143Nd/144Nd","s . . . .   a","fSm/Nd b","age (Ma)","~i ~"
"GR-036","4.93","21.64","0.1382","0.512211","-  8.4","-  0.2974","155","-  7.2"
"GR-006","7.04","38.05","0.1180","0.512141","-  9.7","0.4001","155","-  8.1"
"GR-004","8.28","42.64","0.1174","0.512103","-  10.4","-  0.4032","155","-  8.8"
"BR-001","6.27","29.24","0.1296","0.512257","7.4","-  0.3411","155","-  6.1"
"GR-018 d","8.17","49.11","0.1206","0.512157","-  9.4","-  0.3869","142","-  8.0"
"GR-030 d","7.59","43.78","0.1048","0.512118","-  10.1","-  0.4672","142","-  8.4"
"GR-023 d","11.69","62.47","0.1131","0.512054","-  11.4","-  0.4250","142","-  9.9"
